ciclo,modulo,tipo,prioridade,codigo_sensor,enlace,carga_rede_pct,opacidade_tau,tensao_v,corrente_a,latencia_prevista_ms,latencia_observada_ms,status,mensagem
1,Centro de Controle,controle,1,0x1101,local,56.4,0.46,27.72,0.822,1.5,1.643,ativo,
1,Suporte de Vida,suporte de vida,1,0x1202,local,43.1,0.46,28.05,0.636,2.0,1.854,ativo,
1,Habitação,habitação,1,0x1303,local,43.1,0.46,27.99,0.498,2.5,2.633,ativo,
1,Energia Solar,energia,2,0x2404,local,22.6,0.46,28.08,0.425,9.0,8.059,ativo,
1,Energia Nuclear,energia,2,0x2405,local,28.9,0.46,27.97,0.426,7.0,7.358,ativo,
1,Comunicações,comunicação,2,0x2506,Terra,55.7,0.46,28.2,3.521,762026.137,761859.465,ativo,
1,Suporte Médico,suporte médico,1,0x1607,local,28.0,0.46,28.2,0.584,3.0,2.977,ativo,
1,Produção de Alimentos,agricultura,2,0x2708,local,34.1,0.46,27.92,0.349,5.5,5.828,ativo,
1,Logística e Armazenamento,armazenamento,3,0x3809,local,31.2,0.46,27.91,0.342,6.0,6.6,ativo,
1,Extração de Recursos (ISRU),extração de recursos,2,0x290A,local,39.3,0.46,28.33,0.478,11.0,12.748,ativo,
1,Oficina e Manutenção,manutenção,3,0x3A0B,local,15.4,0.46,28.24,0.371,8.0,7.397,ativo,
1,Laboratório Científico,laboratório,3,0x3B0C,local,47.3,0.46,28.0,0.709,4.5,4.46,ativo,
1,Energia Eólica,energia,2,0x240D,local,16.7,0.46,27.85,0.411,12.0,11.101,ativo,
2,Centro de Controle,controle,1,0x1101,local,62.8,0.45,27.91,0.793,1.5,1.564,ativo,
2,Suporte de Vida,suporte de vida,1,0x1202,local,34.6,0.45,27.9,0.69,2.0,1.433,ativo,
2,Habitação,habitação,1,0x1303,local,42.7,0.45,27.98,0.487,2.5,18.118,ativo,
2,Energia Solar,energia,2,0x2404,local,20.7,0.45,28.01,0.438,9.0,8.923,ativo,
2,Energia Nuclear,energia,2,0x2405,local,21.0,0.45,27.97,0.412,7.0,7.035,ativo,
2,Comunicações,comunicação,2,0x2506,Terra,48.3,0.45,27.73,3.581,763860.74,763366.217,ativo,
2,Suporte Médico,suporte médico,1,0x1607,local,47.2,0.45,27.94,0.578,3.0,3.189,ativo,
2,Produção de Alimentos,agricultura,2,0x2708,local,18.3,0.45,28.0,0.376,5.5,4.863,ativo,
2,Logística e Armazenamento,armazenamento,3,0x3809,local,31.2,0.45,27.99,0.368,6.0,6.209,ativo,
2,Extração de Recursos (ISRU),extração de recursos,2,0x290A,local,30.2,0.45,27.66,0.508,11.0,10.3,ativo,
2,Oficina e Manutenção,manutenção,3,0x3A0B,local,30.0,0.45,27.83,0.375,8.0,8.762,ativo,
2,Laboratório Científico,laboratório,3,0x3B0C,local,56.7,0.45,27.93,0.702,4.5,5.073,ativo,
2,Energia Eólica,energia,2,0x240D,local,28.3,0.45,28.03,0.461,12.0,12.026,ativo,
3,Centro de Controle,controle,1,0x1101,local,48.4,0.4,28.12,0.753,1.5,1.09,ativo,
3,Suporte de Vida,suporte de vida,1,0x1202,local,50.1,0.4,28.27,0.617,2.0,1.645,ativo,
3,Habitação,habitação,1,0x1303,local,31.5,0.4,28.01,0.504,2.5,1.88,ativo,
3,Energia Solar,energia,2,0x2404,local,34.3,0.4,28.08,0.427,9.0,9.257,ativo,
3,Energia Nuclear,energia,2,0x2405,local,23.6,0.4,27.98,0.412,7.0,7.105,ativo,
3,Comunicações,comunicação,2,0x2506,Terra,57.3,0.4,27.66,3.625,765695.342,765689.303,ativo,
3,Suporte Médico,suporte médico,1,0x1607,local,38.7,0.4,28.44,0.581,3.0,2.848,ativo,
3,Produção de Alimentos,agricultura,2,0x2708,local,24.5,0.4,28.12,0.371,5.5,4.883,ativo,
3,Logística e Armazenamento,armazenamento,3,0x3809,local,32.1,0.4,28.09,0.343,6.0,6.54,ativo,
3,Extração de Recursos (ISRU),extração de recursos,2,0x290A,local,24.3,0.4,28.21,0.488,11.0,10.381,ativo,
3,Oficina e Manutenção,manutenção,3,0x3A0B,local,26.8,0.4,28.09,0.377,8.0,7.689,ativo,
3,Laboratório Científico,laboratório,3,0x3B0C,local,56.7,0.4,28.11,0.707,4.5,3.482,ativo,
3,Energia Eólica,energia,2,0x240D,local,20.7,0.4,27.94,0.445,12.0,11.994,ativo,
4,Centro de Controle,controle,1,0x1101,local,46.2,0.43,28.06,0.786,1.5,1.128,ativo,
4,Suporte de Vida,suporte de vida,1,0x1202,local,47.5,0.43,28.01,0.646,2.0,2.104,ativo,
4,Habitação,habitação,1,0x1303,local,36.9,0.43,28.12,0.511,2.5,2.354,ativo,
4,Energia Solar,energia,2,0x2404,local,27.2,0.43,28.13,0.405,9.0,19.406,ativo,
4,Energia Nuclear,energia,2,0x2405,local,21.3,0.43,27.77,0.41,7.0,6.006,ativo,
4,Comunicações,comunicação,2,0x2506,Terra,56.6,0.43,27.92,3.589,767529.945,767255.278,ativo,
4,Suporte Médico,suporte médico,1,0x1607,local,30.6,0.43,27.89,0.551,3.0,16.666,ativo,
4,Produção de Alimentos,agricultura,2,0x2708,local,39.2,0.43,28.22,0.396,5.5,5.366,ativo,
4,Logística e Armazenamento,armazenamento,3,0x3809,local,34.6,0.43,28.07,0.399,6.0,7.152,ativo,
4,Extração de Recursos (ISRU),extração de recursos,2,0x290A,local,38.9,0.43,27.83,0.481,11.0,11.458,ativo,
4,Oficina e Manutenção,manutenção,3,0x3A0B,local,12.0,0.43,27.98,0.365,8.0,7.995,ativo,
4,Laboratório Científico,laboratório,3,0x3B0C,local,48.4,0.43,28.0,0.718,4.5,4.011,ativo,
4,Energia Eólica,energia,2,0x240D,local,33.1,0.43,28.12,0.398,12.0,12.438,ativo,
5,Centro de Controle,controle,1,0x1101,local,59.0,0.41,28.01,0.772,1.5,1.234,ativo,
5,Suporte de Vida,suporte de vida,1,0x1202,local,46.0,0.41,28.0,0.657,2.0,2.284,ativo,
5,Habitação,habitação,1,0x1303,local,42.8,0.41,27.98,0.49,2.5,2.498,ativo,
5,Energia Solar,energia,2,0x2404,local,18.8,0.41,28.17,0.456,9.0,8.575,ativo,
5,Energia Nuclear,energia,2,0x2405,local,16.5,0.41,28.35,0.443,7.0,6.541,ativo,
5,Comunicações,comunicação,2,0x2506,Terra,52.7,0.41,28.07,3.55,769364.547,769049.956,ativo,
5,Suporte Médico,suporte médico,1,0x1607,local,29.5,0.41,28.07,0.556,3.0,2.943,ativo,
5,Produção de Alimentos,agricultura,2,0x2708,local,31.6,0.41,28.44,0.368,5.5,5.606,ativo,
5,Logística e Armazenamento,armazenamento,3,0x3809,local,26.2,0.41,27.84,0.381,6.0,6.429,ativo,
5,Extração de Recursos (ISRU),extração de recursos,2,0x290A,local,45.1,0.41,27.98,0.465,11.0,10.78,ativo,
5,Oficina e Manutenção,manutenção,3,0x3A0B,local,18.4,0.41,28.09,0.337,8.0,7.696,ativo,
5,Laboratório Científico,laboratório,3,0x3B0C,local,45.6,0.41,27.86,0.72,4.5,4.548,ativo,
5,Energia Eólica,energia,2,0x240D,local,15.5,0.41,27.98,0.435,12.0,11.242,ativo,
6,Centro de Controle,controle,1,0x1101,local,48.5,0.49,27.97,0.775,1.5,1.51,ativo,
6,Suporte de Vida,suporte de vida,1,0x1202,local,47.7,0.49,28.06,0.619,2.0,1.853,ativo,
6,Habitação,habitação,1,0x1303,local,44.0,0.49,27.91,0.488,2.5,2.0,ativo,
6,Energia Solar,energia,2,0x2404,local,26.9,0.49,28.07,0.436,9.0,8.873,ativo,
6,Energia Nuclear,energia,2,0x2405,local,30.0,0.49,27.98,0.383,7.0,7.637,ativo,
6,Comunicações,comunicação,2,0x2506,Terra,68.3,0.49,28.25,3.555,771199.15,771788.454,ativo,
6,Suporte Médico,suporte médico,1,0x1607,local,46.1,0.49,27.83,0.58,3.0,3.499,ativo,
6,Produção de Alimentos,agricultura,2,0x2708,local,42.1,0.49,27.91,0.344,5.5,6.077,ativo,
6,Logística e Armazenamento,armazenamento,3,0x3809,local,26.4,0.49,27.91,0.368,6.0,5.279,ativo,
6,Extração de Recursos (ISRU),extração de recursos,2,0x290A,local,30.0,0.49,27.93,0.498,11.0,11.976,ativo,
6,Oficina e Manutenção,manutenção,3,0x3A0B,local,20.1,0.49,27.97,0.375,8.0,8.198,ativo,
6,Laboratório Científico,laboratório,3,0x3B0C,local,58.3,0.49,27.85,0.673,4.5,4.818,ativo,
6,Energia Eólica,energia,2,0x240D,local,21.7,0.49,27.91,0.425,12.0,12.438,ativo,
7,Centro de Controle,controle,1,0x1101,local,42.0,0.57,27.75,0.822,1.5,1.133,ativo,
7,Suporte de Vida,suporte de vida,1,0x1202,local,43.3,0.57,27.93,0.648,2.0,1.79,ativo,
7,Habitação,habitação,1,0x1303,local,33.3,0.57,28.02,0.512,2.5,2.651,ativo,
7,Energia Solar,energia,2,0x2404,local,27.8,0.57,28.18,0.41,9.0,8.74,ativo,
7,Energia Nuclear,energia,2,0x2405,local,24.4,0.57,28.3,0.417,7.0,7.719,ativo,
7,Comunicações,comunicação,2,0x2506,Terra,62.9,0.57,28.1,3.569,773033.752,773461.006,ativo,
7,Suporte Médico,suporte médico,1,0x1607,local,30.9,0.57,28.22,0.587,3.0,2.705,ativo,
7,Produção de Alimentos,agricultura,2,0x2708,local,23.6,0.57,27.94,0.334,5.5,5.558,ativo,
7,Logística e Armazenamento,armazenamento,3,0x3809,local,38.8,0.57,28.11,0.338,6.0,6.551,ativo,
7,Extração de Recursos (ISRU),extração de recursos,2,0x290A,local,34.5,0.57,28.02,0.466,11.0,10.577,ativo,
7,Oficina e Manutenção,manutenção,3,0x3A0B,local,31.5,0.57,28.0,0.372,8.0,8.512,ativo,
7,Laboratório Científico,laboratório,3,0x3B0C,local,51.1,0.57,27.83,0.699,4.5,4.606,ativo,
7,Energia Eólica,energia,2,0x240D,local,18.9,0.57,27.88,0.411,12.0,12.115,ativo,
8,Centro de Controle,controle,1,0x1101,local,51.1,0.42,27.98,0.783,1.5,1.186,ativo,
8,Suporte de Vida,suporte de vida,1,0x1202,local,47.4,0.42,27.85,0.609,2.0,2.009,ativo,
8,Habitação,habitação,1,0x1303,local,41.2,0.42,27.65,0.479,2.5,2.521,ativo,
8,Energia Solar,energia,2,0x2404,local,25.8,0.42,28.02,0.45,9.0,9.549,ativo,
8,Energia Nuclear,energia,2,0x2405,local,27.6,0.42,27.86,0.409,7.0,7.194,ativo,
8,Comunicações,comunicação,2,0x2506,Terra,61.0,0.42,28.05,3.583,774868.355,774467.993,ativo,
8,Suporte Médico,suporte médico,1,0x1607,local,37.3,0.42,27.98,0.602,3.0,2.853,ativo,
8,Produção de Alimentos,agricultura,2,0x2708,local,33.0,0.42,27.87,0.333,5.5,5.909,ativo,
8,Logística e Armazenamento,armazenamento,3,0x3809,local,11.3,0.42,27.86,0.337,6.0,5.458,ativo,
8,Extração de Recursos (ISRU),extração de recursos,2,0x290A,local,47.3,0.42,28.11,0.476,11.0,10.583,ativo,
8,Oficina e Manutenção,manutenção,3,0x3A0B,local,22.9,0.42,28.19,0.316,8.0,,manutenção,manutenção programada do transceptor
8,Laboratório Científico,laboratório,3,0x3B0C,local,51.9,0.42,28.49,0.713,4.5,4.534,ativo,
8,Energia Eólica,energia,2,0x240D,local,16.7,0.42,27.84,0.44,12.0,12.501,ativo,
9,Centro de Controle,controle,1,0x1101,local,52.7,0.55,28.24,0.783,1.5,1.536,ativo,
9,Suporte de Vida,suporte de vida,1,0x1202,local,36.9,0.55,27.97,0.68,2.0,1.716,ativo,
9,Habitação,habitação,1,0x1303,local,45.3,0.55,27.73,0.519,2.5,2.5,ativo,
9,Energia Solar,energia,2,0x2404,local,22.5,0.55,27.95,0.428,9.0,9.144,ativo,
9,Energia Nuclear,energia,2,0x2405,local,16.9,0.55,27.85,0.449,7.0,7.562,ativo,
9,Comunicações,comunicação,2,0x2506,Terra,66.0,0.55,28.13,3.575,776702.957,776594.375,ativo,
9,Suporte Médico,suporte médico,1,0x1607,local,23.8,0.55,27.99,0.534,3.0,2.515,ativo,
9,Produção de Alimentos,agricultura,2,0x2708,local,26.3,0.55,27.83,0.37,5.5,5.141,ativo,
9,Logística e Armazenamento,armazenamento,3,0x3809,local,30.3,0.55,28.45,0.361,6.0,5.267,ativo,
9,Extração de Recursos (ISRU),extração de recursos,2,0x290A,local,50.4,0.55,28.03,0.525,11.0,12.449,ativo,
9,Oficina e Manutenção,manutenção,3,0x3A0B,local,26.3,0.55,27.99,0.354,8.0,8.223,ativo,
9,Laboratório Científico,laboratório,3,0x3B0C,local,52.6,0.55,27.76,0.715,4.5,4.622,ativo,
9,Energia Eólica,energia,2,0x240D,local,18.1,0.55,28.12,0.425,12.0,11.773,ativo,
10,Centro de Controle,controle,1,0x1101,local,56.4,0.46,28.02,0.744,1.5,1.69,ativo,
10,Suporte de Vida,suporte de vida,1,0x1202,local,39.6,0.46,28.17,0.662,2.0,1.615,ativo,
10,Habitação,habitação,1,0x1303,local,32.7,0.46,28.12,0.516,2.5,2.081,ativo,
10,Energia Solar,energia,2,0x2404,local,30.5,0.46,27.98,0.443,9.0,8.222,ativo,
10,Energia Nuclear,energia,2,0x2405,local,26.5,0.46,28.0,0.47,7.0,7.112,ativo,
10,Comunicações,comunicação,2,0x2506,Terra,52.0,0.46,27.97,3.559,778537.56,778875.471,ativo,
10,Suporte Médico,suporte médico,1,0x1607,local,32.5,0.46,28.02,0.595,3.0,3.038,ativo,
10,Produção de Alimentos,agricultura,2,0x2708,local,33.8,0.46,28.11,0.352,5.5,5.801,ativo,
10,Logística e Armazenamento,armazenamento,3,0x3809,local,21.7,0.46,27.92,0.359,6.0,5.407,ativo,
10,Extração de Recursos (ISRU),extração de recursos,2,0x290A,local,41.0,0.46,28.04,0.492,11.0,12.038,ativo,
10,Oficina e Manutenção,manutenção,3,0x3A0B,local,22.1,0.46,27.89,0.354,8.0,8.496,ativo,
10,Laboratório Científico,laboratório,3,0x3B0C,local,48.9,0.46,28.0,0.718,4.5,4.123,ativo,
10,Energia Eólica,energia,2,0x240D,local,16.9,0.46,27.79,0.435,12.0,11.689,ativo,
11,Centro de Controle,controle,1,0x1101,local,54.5,0.84,27.57,0.802,1.5,1.75,ativo,
11,Suporte de Vida,suporte de vida,1,0x1202,local,41.4,0.84,27.79,0.66,2.0,1.807,ativo,
11,Habitação,habitação,1,0x1303,local,35.9,0.84,27.85,0.509,2.5,2.815,ativo,
11,Energia Solar,energia,2,0x2404,local,19.5,0.84,27.62,0.43,9.0,8.6,ativo,
11,Energia Nuclear,energia,2,0x2405,local,25.4,0.84,27.96,0.455,7.0,7.06,ativo,
11,Comunicações,comunicação,2,0x2506,Terra,60.0,0.84,27.96,3.528,780372.162,780886.127,ativo,
11,Suporte Médico,suporte médico,1,0x1607,local,34.8,0.84,28.15,0.609,3.0,3.17,ativo,
11,Produção de Alimentos,agricultura,2,0x2708,local,31.5,0.84,27.67,0.359,5.5,5.93,ativo,
11,Logística e Armazenamento,armazenamento,3,0x3809,local,24.9,0.84,28.29,0.364,6.0,6.142,ativo,
11,Extração de Recursos (ISRU),extração de recursos,2,0x290A,local,34.9,0.84,27.85,0.514,11.0,12.367,ativo,
11,Oficina e Manutenção,manutenção,3,0x3A0B,local,19.0,0.84,27.63,0.371,8.0,7.659,ativo,
11,Laboratório Científico,laboratório,3,0x3B0C,local,46.7,0.84,27.72,0.712,4.5,4.836,ativo,
11,Energia Eólica,energia,2,0x240D,local,25.1,0.84,28.33,0.455,12.0,13.616,ativo,
12,Centro de Controle,controle,1,0x1101,local,75.4,1.63,27.87,0.793,1.5,3.319,ativo,
12,Suporte de Vida,suporte de vida,1,0x1202,local,72.8,1.63,27.81,0.623,2.0,4.03,ativo,
12,Habitação,habitação,1,0x1303,local,60.7,1.63,28.3,0.496,2.5,4.064,ativo,
12,Energia Solar,energia,2,0x2404,local,27.5,1.63,26.71,0.45,9.0,12.183,ativo,
12,Energia Nuclear,energia,2,0x2405,local,10.7,1.63,27.9,0.445,7.0,9.419,ativo,
12,Comunicações,comunicação,2,0x2506,Terra,88.6,1.63,27.84,3.617,782206.765,784768.276,ativo,
12,Suporte Médico,suporte médico,1,0x1607,local,64.1,1.63,27.57,0.598,3.0,4.966,ativo,
12,Produção de Alimentos,agricultura,2,0x2708,local,31.1,1.63,26.67,0.359,5.5,6.443,ativo,
12,Logística e Armazenamento,armazenamento,3,0x3809,local,26.2,1.63,27.84,0.39,6.0,6.498,ativo,
12,Extração de Recursos (ISRU),extração de recursos,2,0x290A,local,31.8,1.63,28.21,0.519,11.0,12.694,ativo,
12,Oficina e Manutenção,manutenção,3,0x3A0B,local,9.0,1.63,26.8,0.355,8.0,10.975,ativo,
12,Laboratório Científico,laboratório,3,0x3B0C,local,48.3,1.63,26.76,0.758,4.5,5.099,ativo,
12,Energia Eólica,energia,2,0x240D,local,14.4,1.63,27.81,0.46,12.0,13.966,ativo,
13,Centro de Controle,controle,1,0x1101,local,71.9,2.46,27.91,0.789,1.5,3.429,ativo,
13,Suporte de Vida,suporte de vida,1,0x1202,local,66.3,2.46,27.99,0.663,2.0,4.413,ativo,
13,Habitação,habitação,1,0x1303,local,63.6,2.46,27.98,0.473,2.5,4.949,ativo,
13,Energia Solar,energia,2,0x2404,local,28.1,2.46,25.93,0.48,9.0,13.967,alerta,subtensão no barramento (25.9 V)
13,Energia Nuclear,energia,2,0x2405,local,24.0,2.46,28.05,0.42,7.0,11.126,ativo,
13,Comunicações,comunicação,2,0x2506,Terra,80.3,2.46,27.98,3.586,784041.367,787405.915,ativo,
13,Suporte Médico,suporte médico,1,0x1607,local,55.5,2.46,27.9,0.588,3.0,5.244,ativo,
13,Produção de Alimentos,agricultura,2,0x2708,local,37.2,2.46,25.93,0.347,5.5,6.782,alerta,subtensão no barramento (25.9 V)
13,Logística e Armazenamento,armazenamento,3,0x3809,local,36.9,2.46,28.08,0.359,6.0,6.642,ativo,
13,Extração de Recursos (ISRU),extração de recursos,2,0x290A,local,34.1,2.46,27.73,0.524,11.0,15.209,ativo,
13,Oficina e Manutenção,manutenção,3,0x3A0B,local,19.6,2.46,25.8,0.367,8.0,11.347,alerta,subtensão no barramento (25.8 V)
13,Laboratório Científico,laboratório,3,0x3B0C,local,52.4,2.46,25.91,0.766,4.5,5.586,alerta,subtensão no barramento (25.9 V)
13,Energia Eólica,energia,2,0x240D,local,5.3,2.46,27.83,0.418,12.0,15.368,ativo,
14,Centro de Controle,controle,1,0x1101,local,80.9,2.41,28.19,0.808,1.5,4.471,ativo,
14,Suporte de Vida,suporte de vida,1,0x1202,local,80.4,2.41,28.06,0.614,2.0,5.103,ativo,
14,Habitação,habitação,1,0x1303,local,76.2,2.41,28.26,0.485,2.5,4.96,ativo,
14,Energia Solar,energia,2,0x2404,local,24.6,2.41,26.19,0.434,9.0,13.671,alerta,subtensão no barramento (26.2 V)
14,Energia Nuclear,energia,2,0x2405,local,32.3,2.41,27.99,0.433,7.0,11.446,ativo,
14,Comunicações,comunicação,2,0x2506,Terra,82.2,2.41,28.25,3.504,785875.97,788785.563,ativo,
14,Suporte Médico,suporte médico,1,0x1607,local,51.9,2.41,28.11,0.535,3.0,5.545,ativo,
14,Produção de Alimentos,agricultura,2,0x2708,local,37.3,2.41,25.85,0.391,5.5,7.288,alerta,subtensão no barramento (25.8 V)
14,Logística e Armazenamento,armazenamento,3,0x3809,local,28.6,2.41,28.23,0.38,6.0,7.438,ativo,
14,Extração de Recursos (ISRU),extração de recursos,2,0x290A,local,23.3,2.41,28.04,0.492,11.0,,alerta,sensor de enlace sem resposta
14,Oficina e Manutenção,manutenção,3,0x3A0B,local,27.0,2.41,25.9,0.397,8.0,13.023,alerta,subtensão no barramento (25.9 V)
14,Laboratório Científico,laboratório,3,0x3B0C,local,44.4,2.41,25.89,0.777,4.5,5.992,alerta,subtensão no barramento (25.9 V)
14,Energia Eólica,energia,2,0x240D,local,28.3,2.41,27.71,0.428,12.0,16.881,ativo,
15,Centro de Controle,controle,1,0x1101,local,86.6,1.56,28.05,0.775,1.5,7.637,ativo,
15,Suporte de Vida,suporte de vida,1,0x1202,local,66.9,1.56,28.13,0.647,2.0,3.532,ativo,
15,Habitação,habitação,1,0x1303,local,63.6,1.56,28.13,0.492,2.5,4.296,ativo,
15,Energia Solar,energia,2,0x2404,local,32.4,1.56,27.25,0.45,9.0,11.579,ativo,
15,Energia Nuclear,energia,2,0x2405,local,29.2,1.56,27.9,0.414,7.0,8.542,ativo,
15,Comunicações,comunicação,2,0x2506,Terra,78.3,1.56,27.96,3.576,787710.572,789500.339,ativo,
15,Suporte Médico,suporte médico,1,0x1607,local,61.1,1.56,27.84,0.572,3.0,4.674,ativo,
15,Produção de Alimentos,agricultura,2,0x2708,local,22.7,1.56,26.8,0.362,5.5,6.006,ativo,
15,Logística e Armazenamento,armazenamento,3,0x3809,local,29.7,1.56,27.94,0.306,6.0,6.638,ativo,
15,Extração de Recursos (ISRU),extração de recursos,2,0x290A,local,34.0,1.56,27.89,0.515,11.0,13.264,ativo,
15,Oficina e Manutenção,manutenção,3,0x3A0B,local,24.7,1.56,26.8,0.389,8.0,10.634,ativo,
15,Laboratório Científico,laboratório,3,0x3B0C,local,49.3,1.56,26.9,0.769,4.5,5.058,ativo,
15,Energia Eólica,energia,2,0x240D,local,24.6,1.56,27.68,0.413,12.0,,alerta,sensor de enlace sem resposta
16,Centro de Controle,controle,1,0x1101,local,63.3,0.91,27.96,0.815,1.5,2.334,ativo,
16,Suporte de Vida,suporte de vida,1,0x1202,local,44.8,0.91,28.03,0.651,2.0,18.248,ativo,
16,Habitação,habitação,1,0x1303,local,37.9,0.91,27.97,0.464,2.5,2.403,ativo,
16,Energia Solar,energia,2,0x2404,local,38.0,0.91,27.36,0.441,9.0,9.929,ativo,
16,Energia Nuclear,energia,2,0x2405,local,30.9,0.91,28.05,0.436,7.0,8.358,ativo,
16,Comunicações,comunicação,2,0x2506,Terra,47.0,0.91,28.06,3.562,789545.175,789637.634,ativo,
16,Suporte Médico,suporte médico,1,0x1607,local,40.0,0.91,28.06,0.584,3.0,3.178,ativo,
16,Produção de Alimentos,agricultura,2,0x2708,local,29.3,0.91,27.56,0.389,5.5,5.561,ativo,
16,Logística e Armazenamento,armazenamento,3,0x3809,local,22.1,0.91,27.96,0.379,6.0,5.288,ativo,
16,Extração de Recursos (ISRU),extração de recursos,2,0x290A,local,19.8,0.91,27.9,0.511,11.0,10.944,ativo,
16,Oficina e Manutenção,manutenção,3,0x3A0B,local,17.8,0.91,27.72,0.391,8.0,9.57,ativo,
16,Laboratório Científico,laboratório,3,0x3B0C,local,52.2,0.91,27.72,0.698,4.5,4.542,ativo,
16,Energia Eólica,energia,2,0x240D,local,25.1,0.91,28.13,0.431,12.0,12.53,ativo,
17,Centro de Controle,controle,1,0x1101,local,61.5,0.55,27.83,0.776,1.5,1.775,ativo,
17,Suporte de Vida,suporte de vida,1,0x1202,local,43.0,0.55,27.87,0.666,2.0,2.071,ativo,
17,Habitação,habitação,1,0x1303,local,36.0,0.55,28.17,0.471,2.5,2.309,ativo,
17,Energia Solar,energia,2,0x2404,local,26.0,0.55,28.09,0.393,9.0,9.159,ativo,
17,Energia Nuclear,energia,2,0x2405,local,27.0,0.55,28.09,0.404,7.0,7.84,ativo,
17,Comunicações,comunicação,2,0x2506,Terra,63.4,0.55,27.91,3.586,791379.777,791973.467,ativo,
17,Suporte Médico,suporte médico,1,0x1607,local,34.9,0.55,28.03,0.577,3.0,2.621,ativo,
17,Produção de Alimentos,agricultura,2,0x2708,local,34.2,0.55,27.87,0.358,5.5,5.687,ativo,
17,Logística e Armazenamento,armazenamento,3,0x3809,local,34.8,0.55,27.8,0.368,6.0,6.173,ativo,
17,Extração de Recursos (ISRU),extração de recursos,2,0x290A,local,35.4,0.55,28.11,0.514,11.0,10.846,ativo,
17,Oficina e Manutenção,manutenção,3,0x3A0B,local,14.8,0.55,27.73,0.38,8.0,7.355,ativo,
17,Laboratório Científico,laboratório,3,0x3B0C,local,52.3,0.55,27.75,0.73,4.5,4.35,ativo,
17,Energia Eólica,energia,2,0x240D,local,16.5,0.55,27.87,0.435,12.0,12.963,ativo,
18,Centro de Controle,controle,1,0x1101,local,51.3,0.52,27.96,0.789,1.5,1.352,ativo,
18,Suporte de Vida,suporte de vida,1,0x1202,local,37.7,0.52,28.26,0.61,2.0,1.683,ativo,
18,Habitação,habitação,1,0x1303,local,35.3,0.52,28.15,0.468,2.5,2.147,ativo,
18,Energia Solar,energia,2,0x2404,local,30.9,0.52,27.79,0.417,9.0,23.114,ativo,
18,Energia Nuclear,energia,2,0x2405,local,28.5,0.52,28.12,0.416,7.0,7.119,ativo,
18,Comunicações,comunicação,2,0x2506,Terra,64.1,0.52,28.13,3.538,793214.38,793056.604,ativo,
18,Suporte Médico,suporte médico,1,0x1607,local,27.1,0.52,27.92,0.57,3.0,2.383,ativo,
18,Produção de Alimentos,agricultura,2,0x2708,local,33.4,0.52,28.12,0.343,5.5,5.839,ativo,
18,Logística e Armazenamento,armazenamento,3,0x3809,local,25.7,0.52,28.01,0.343,6.0,5.503,ativo,
18,Extração de Recursos (ISRU),extração de recursos,2,0x290A,local,28.7,0.52,28.01,0.496,11.0,11.08,ativo,
18,Oficina e Manutenção,manutenção,3,0x3A0B,local,20.4,0.52,27.89,0.377,8.0,8.126,ativo,
18,Laboratório Científico,laboratório,3,0x3B0C,local,50.6,0.52,27.88,0.666,4.5,4.205,ativo,
18,Energia Eólica,energia,2,0x240D,local,16.9,0.52,27.76,0.424,12.0,12.17,ativo,
19,Centro de Controle,controle,1,0x1101,local,42.4,0.51,28.07,0.771,1.5,0.758,ativo,
19,Suporte de Vida,suporte de vida,1,0x1202,local,47.4,0.51,28.13,0.645,2.0,2.157,ativo,
19,Habitação,habitação,1,0x1303,local,42.1,0.51,27.98,0.486,2.5,2.533,ativo,
19,Energia Solar,energia,2,0x2404,local,24.4,0.51,28.04,0.429,9.0,9.27,ativo,
19,Energia Nuclear,energia,2,0x2405,local,24.8,0.51,27.99,0.466,7.0,6.397,ativo,
19,Comunicações,comunicação,2,0x2506,Terra,55.2,0.51,27.94,3.583,795048.982,795021.242,ativo,
19,Suporte Médico,suporte médico,1,0x1607,local,34.4,0.51,28.02,0.597,3.0,3.611,ativo,
19,Produção de Alimentos,agricultura,2,0x2708,local,33.7,0.51,27.96,0.389,5.5,5.589,ativo,
19,Logística e Armazenamento,armazenamento,3,0x3809,local,23.4,0.51,27.59,0.406,6.0,6.139,ativo,
19,Extração de Recursos (ISRU),extração de recursos,2,0x290A,local,29.1,0.51,27.75,0.499,11.0,10.82,ativo,
19,Oficina e Manutenção,manutenção,3,0x3A0B,local,19.7,0.51,28.17,0.361,8.0,8.132,ativo,
19,Laboratório Científico,laboratório,3,0x3B0C,local,45.7,0.51,28.04,0.701,4.5,,manutenção,manutenção programada do transceptor
19,Energia Eólica,energia,2,0x240D,local,26.1,0.51,28.07,0.452,12.0,12.485,ativo,
20,Centro de Controle,controle,1,0x1101,local,53.8,0.46,28.05,0.763,1.5,1.299,ativo,
20,Suporte de Vida,suporte de vida,1,0x1202,local,48.7,0.46,27.92,0.649,2.0,2.214,ativo,
20,Habitação,habitação,1,0x1303,local,39.8,0.46,28.01,0.507,2.5,2.753,ativo,
20,Energia Solar,energia,2,0x2404,local,25.2,0.46,27.81,0.459,9.0,7.899,ativo,
20,Energia Nuclear,energia,2,0x2405,local,22.2,0.46,27.91,0.443,7.0,7.013,ativo,
20,Comunicações,comunicação,2,0x2506,Terra,62.4,0.46,28.03,3.551,796883.585,796485.603,ativo,
20,Suporte Médico,suporte médico,1,0x1607,local,39.4,0.46,28.09,0.579,3.0,3.004,ativo,
20,Produção de Alimentos,agricultura,2,0x2708,local,50.0,0.46,28.02,0.366,5.5,5.949,ativo,
20,Logística e Armazenamento,armazenamento,3,0x3809,local,40.0,0.46,28.33,0.347,6.0,6.089,ativo,
20,Extração de Recursos (ISRU),extração de recursos,2,0x290A,local,31.0,0.46,28.0,0.474,11.0,10.248,ativo,
20,Oficina e Manutenção,manutenção,3,0x3A0B,local,18.5,0.46,27.87,0.334,8.0,8.344,ativo,
20,Laboratório Científico,laboratório,3,0x3B0C,local,48.7,0.46,28.14,0.72,4.5,4.486,ativo,
20,Energia Eólica,energia,2,0x240D,local,13.9,0.46,27.88,0.42,12.0,9.612,ativo,
21,Centro de Controle,controle,1,0x1101,local,54.0,0.49,27.97,0.789,1.5,1.486,ativo,
21,Suporte de Vida,suporte de vida,1,0x1202,local,45.4,0.49,28.12,0.627,2.0,2.06,ativo,
21,Habitação,habitação,1,0x1303,local,38.2,0.49,27.73,0.477,2.5,2.505,ativo,
21,Energia Solar,energia,2,0x2404,local,23.1,0.49,27.89,0.431,9.0,9.178,ativo,
21,Energia Nuclear,energia,2,0x2405,local,24.5,0.49,27.96,0.433,7.0,7.456,ativo,
21,Comunicações,comunicação,2,0x2506,Terra,63.0,0.49,27.78,3.6,798718.188,798472.77,ativo,
21,Suporte Médico,suporte médico,1,0x1607,local,28.9,0.49,28.26,0.558,3.0,2.562,ativo,
21,Produção de Alimentos,agricultura,2,0x2708,local,30.2,0.49,27.82,0.36,5.5,4.967,ativo,
21,Logística e Armazenamento,armazenamento,3,0x3809,local,30.9,0.49,27.61,0.376,6.0,6.12,ativo,
21,Extração de Recursos (ISRU),extração de recursos,2,0x290A,local,32.5,0.49,28.06,0.479,11.0,10.263,ativo,
21,Oficina e Manutenção,manutenção,3,0x3A0B,local,20.0,0.49,28.0,0.384,8.0,7.832,ativo,
21,Laboratório Científico,laboratório,3,0x3B0C,local,51.9,0.49,28.02,0.722,4.5,4.002,ativo,
21,Energia Eólica,energia,2,0x240D,local,26.5,0.49,27.95,0.443,12.0,12.554,ativo,
22,Centro de Controle,controle,1,0x1101,local,50.9,0.43,27.9,0.779,1.5,1.211,ativo,
22,Suporte de Vida,suporte de vida,1,0x1202,local,40.9,0.43,27.7,0.688,2.0,2.063,ativo,
22,Habitação,habitação,1,0x1303,local,39.4,0.43,27.86,0.551,2.5,2.211,ativo,
22,Energia Solar,energia,2,0x2404,local,26.7,0.43,27.86,0.414,9.0,8.668,ativo,
22,Energia Nuclear,energia,2,0x2405,local,25.4,0.43,27.78,0.44,7.0,6.438,ativo,
22,Comunicações,comunicação,2,0x2506,Terra,58.8,0.43,28.02,3.571,800552.79,800294.23,ativo,
22,Suporte Médico,suporte médico,1,0x1607,local,34.2,0.43,28.02,0.617,3.0,2.595,ativo,
22,Produção de Alimentos,agricultura,2,0x2708,local,27.5,0.43,27.81,0.332,5.5,4.757,ativo,
22,Logística e Armazenamento,armazenamento,3,0x3809,local,26.5,0.43,28.02,0.327,6.0,5.436,ativo,
22,Extração de Recursos (ISRU),extração de recursos,2,0x290A,local,39.2,0.43,27.76,0.52,11.0,10.617,ativo,
22,Oficina e Manutenção,manutenção,3,0x3A0B,local,24.0,0.43,28.13,0.304,8.0,8.403,ativo,
22,Laboratório Científico,laboratório,3,0x3B0C,local,46.4,0.43,27.93,0.736,4.5,4.69,ativo,
22,Energia Eólica,energia,2,0x240D,local,24.1,0.43,28.3,0.421,12.0,11.224,ativo,
23,Centro de Controle,controle,1,0x1101,local,53.4,0.53,27.96,0.828,1.5,1.392,ativo,
23,Suporte de Vida,suporte de vida,1,0x1202,local,28.3,0.53,28.11,0.664,2.0,1.098,ativo,
23,Habitação,habitação,1,0x1303,local,37.4,0.53,28.0,0.486,2.5,2.391,ativo,
23,Energia Solar,energia,2,0x2404,local,21.4,0.53,27.85,0.409,9.0,9.492,ativo,
23,Energia Nuclear,energia,2,0x2405,local,28.2,0.53,27.8,0.387,7.0,20.775,ativo,
23,Comunicações,comunicação,2,0x2506,Terra,64.3,0.53,28.04,3.515,802387.393,802711.952,ativo,
23,Suporte Médico,suporte médico,1,0x1607,local,25.6,0.53,27.88,0.608,3.0,2.875,ativo,
23,Produção de Alimentos,agricultura,2,0x2708,local,27.4,0.53,28.07,0.352,5.5,5.308,ativo,
23,Logística e Armazenamento,armazenamento,3,0x3809,local,32.8,0.53,28.09,0.339,6.0,5.292,ativo,
23,Extração de Recursos (ISRU),extração de recursos,2,0x290A,local,30.4,0.53,28.05,0.481,11.0,10.353,ativo,
23,Oficina e Manutenção,manutenção,3,0x3A0B,local,17.7,0.53,28.07,0.371,8.0,7.685,ativo,
23,Laboratório Científico,laboratório,3,0x3B0C,local,54.2,0.53,28.14,0.704,4.5,4.673,ativo,
23,Energia Eólica,energia,2,0x240D,local,24.3,0.53,28.01,0.401,12.0,,manutenção,manutenção programada do transceptor
24,Centro de Controle,controle,1,0x1101,local,50.4,0.47,27.75,0.794,1.5,1.212,ativo,
24,Suporte de Vida,suporte de vida,1,0x1202,local,44.1,0.47,28.12,0.615,2.0,2.009,ativo,
24,Habitação,habitação,1,0x1303,local,44.2,0.47,27.95,0.482,2.5,3.011,ativo,
24,Energia Solar,energia,2,0x2404,local,17.6,0.47,27.96,0.435,9.0,8.23,ativo,
24,Energia Nuclear,energia,2,0x2405,local,30.2,0.47,27.99,0.448,7.0,7.076,ativo,
24,Comunicações,comunicação,2,0x2506,Terra,69.3,0.47,28.09,3.562,804221.995,804014.348,ativo,
24,Suporte Médico,suporte médico,1,0x1607,local,26.6,0.47,27.75,0.575,3.0,2.632,ativo,
24,Produção de Alimentos,agricultura,2,0x2708,local,36.0,0.47,27.77,0.333,5.5,5.37,ativo,
24,Logística e Armazenamento,armazenamento,3,0x3809,local,31.6,0.47,27.84,0.345,6.0,6.185,ativo,
24,Extração de Recursos (ISRU),extração de recursos,2,0x290A,local,38.4,0.47,28.01,0.52,11.0,10.529,ativo,
24,Oficina e Manutenção,manutenção,3,0x3A0B,local,13.9,0.47,28.17,0.375,8.0,7.92,ativo,
24,Laboratório Científico,laboratório,3,0x3B0C,local,58.1,0.47,28.21,0.742,4.5,4.567,ativo,
24,Energia Eólica,energia,2,0x240D,local,27.6,0.47,27.94,0.394,12.0,11.916,ativo,
25,Centro de Controle,controle,1,0x1101,local,59.5,0.83,28.04,0.758,1.5,1.977,ativo,
25,Suporte de Vida,suporte de vida,1,0x1202,local,41.7,0.83,27.79,0.68,2.0,1.903,ativo,
25,Habitação,habitação,1,0x1303,local,45.0,0.83,27.93,0.525,2.5,2.893,ativo,
25,Energia Solar,energia,2,0x2404,local,28.5,0.83,27.67,0.436,9.0,10.458,ativo,
25,Energia Nuclear,energia,2,0x2405,local,28.3,0.83,28.04,0.396,7.0,8.356,ativo,
25,Comunicações,comunicação,2,0x2506,Terra,69.2,0.83,27.93,3.558,806056.598,807740.242,ativo,
25,Suporte Médico,suporte médico,1,0x1607,local,28.9,0.83,27.88,0.585,3.0,2.866,ativo,
25,Produção de Alimentos,agricultura,2,0x2708,local,22.1,0.83,27.4,0.354,5.5,5.652,ativo,
25,Logística e Armazenamento,armazenamento,3,0x3809,local,37.2,0.83,27.96,0.361,6.0,6.142,ativo,
25,Extração de Recursos (ISRU),extração de recursos,2,0x290A,local,27.7,0.83,27.88,0.541,11.0,10.6,ativo,
25,Oficina e Manutenção,manutenção,3,0x3A0B,local,28.2,0.83,27.55,0.375,8.0,7.916,ativo,
25,Laboratório Científico,laboratório,3,0x3B0C,local,53.1,0.83,27.4,0.734,4.5,4.851,ativo,
25,Energia Eólica,energia,2,0x240D,local,18.3,0.83,28.11,0.426,12.0,13.345,ativo,
26,Centro de Controle,controle,1,0x1101,local,77.4,1.63,28.02,0.764,1.5,3.251,ativo,
26,Suporte de Vida,suporte de vida,1,0x1202,local,73.7,1.63,27.96,0.64,2.0,3.937,ativo,
26,Habitação,habitação,1,0x1303,local,61.0,1.63,27.91,0.491,2.5,4.222,ativo,
26,Energia Solar,energia,2,0x2404,local,21.5,1.63,26.93,0.459,9.0,11.253,ativo,
26,Energia Nuclear,energia,2,0x2405,local,18.6,1.63,28.24,0.43,7.0,9.677,ativo,
26,Comunicações,comunicação,2,0x2506,Terra,86.9,1.63,27.85,3.606,807891.2,810396.376,ativo,
26,Suporte Médico,suporte médico,1,0x1607,local,65.3,1.63,27.93,0.581,3.0,4.759,ativo,
26,Produção de Alimentos,agricultura,2,0x2708,local,28.4,1.63,26.72,0.364,5.5,5.719,ativo,
26,Logística e Armazenamento,armazenamento,3,0x3809,local,38.6,1.63,28.42,0.335,6.0,6.782,ativo,
26,Extração de Recursos (ISRU),extração de recursos,2,0x290A,local,37.9,1.63,27.8,0.457,11.0,13.764,ativo,
26,Oficina e Manutenção,manutenção,3,0x3A0B,local,28.5,1.63,26.81,0.401,8.0,10.735,ativo,
26,Laboratório Científico,laboratório,3,0x3B0C,local,49.1,1.63,26.97,0.744,4.5,5.025,ativo,
26,Energia Eólica,energia,2,0x240D,local,22.0,1.63,28.02,0.434,12.0,14.823,ativo,
27,Centro de Controle,controle,1,0x1101,local,79.0,1.56,28.05,0.796,1.5,2.856,ativo,
27,Suporte de Vida,suporte de vida,1,0x1202,local,80.1,1.56,28.0,0.655,2.0,4.035,ativo,
27,Habitação,habitação,1,0x1303,local,59.9,1.56,28.03,0.511,2.5,3.816,ativo,
27,Energia Solar,energia,2,0x2404,local,22.9,1.56,26.8,0.441,9.0,10.641,ativo,
27,Energia Nuclear,energia,2,0x2405,local,23.3,1.56,28.07,0.395,7.0,8.999,ativo,
27,Comunicações,comunicação,2,0x2506,Terra,74.7,1.56,28.04,3.608,809725.803,811583.326,ativo,
27,Suporte Médico,suporte médico,1,0x1607,local,69.0,1.56,27.86,0.565,3.0,5.042,ativo,
27,Produção de Alimentos,agricultura,2,0x2708,local,32.0,1.56,26.62,0.354,5.5,6.767,ativo,
27,Logística e Armazenamento,armazenamento,3,0x3809,local,32.9,1.56,28.25,0.319,6.0,5.617,ativo,
27,Extração de Recursos (ISRU),extração de recursos,2,0x290A,local,26.7,1.56,28.01,0.467,11.0,28.82,ativo,
27,Oficina e Manutenção,manutenção,3,0x3A0B,local,14.9,1.56,26.5,0.383,8.0,11.066,ativo,
27,Laboratório Científico,laboratório,3,0x3B0C,local,54.4,1.56,26.92,0.705,4.5,5.696,ativo,
27,Energia Eólica,energia,2,0x240D,local,19.0,1.56,28.19,0.426,12.0,15.17,ativo,
28,Centro de Controle,controle,1,0x1101,local,57.5,0.86,27.91,0.819,1.5,1.622,ativo,
28,Suporte de Vida,suporte de vida,1,0x1202,local,44.6,0.86,27.97,0.629,2.0,2.398,ativo,
28,Habitação,habitação,1,0x1303,local,27.1,0.86,28.17,0.532,2.5,2.095,ativo,
28,Energia Solar,energia,2,0x2404,local,21.8,0.86,27.47,0.418,9.0,10.564,ativo,
28,Energia Nuclear,energia,2,0x2405,local,29.2,0.86,27.85,0.447,7.0,7.47,ativo,
28,Comunicações,comunicação,2,0x2506,Terra,56.7,0.86,27.91,3.572,811560.405,811239.546,ativo,
28,Suporte Médico,suporte médico,1,0x1607,local,24.5,0.86,27.98,0.55,3.0,3.022,ativo,
28,Produção de Alimentos,agricultura,2,0x2708,local,20.6,0.86,27.4,0.362,5.5,6.092,ativo,
28,Logística e Armazenamento,armazenamento,3,0x3809,local,33.0,0.86,27.75,0.342,6.0,22.984,ativo,
28,Extração de Recursos (ISRU),extração de recursos,2,0x290A,local,35.6,0.86,28.0,0.499,11.0,12.695,ativo,
28,Oficina e Manutenção,manutenção,3,0x3A0B,local,25.0,0.86,27.58,0.364,8.0,8.443,ativo,
28,Laboratório Científico,laboratório,3,0x3B0C,local,47.3,0.86,27.63,0.714,4.5,4.793,ativo,
28,Energia Eólica,energia,2,0x240D,local,11.4,0.86,27.77,0.444,12.0,11.838,ativo,
29,Centro de Controle,controle,1,0x1101,local,49.5,0.43,27.99,0.806,1.5,1.035,ativo,
29,Suporte de Vida,suporte de vida,1,0x1202,local,44.5,0.43,28.01,0.632,2.0,2.163,ativo,
29,Habitação,habitação,1,0x1303,local,34.6,0.43,27.99,0.481,2.5,2.295,ativo,
29,Energia Solar,energia,2,0x2404,local,23.0,0.43,28.35,0.402,9.0,8.578,ativo,
29,Energia Nuclear,energia,2,0x2405,local,20.0,0.43,28.01,0.444,7.0,6.707,ativo,
29,Comunicações,comunicação,2,0x2506,Terra,57.3,0.43,27.95,3.615,813395.008,813319.847,ativo,
29,Suporte Médico,suporte médico,1,0x1607,local,40.3,0.43,27.89,0.568,3.0,3.438,ativo,
29,Produção de Alimentos,agricultura,2,0x2708,local,22.1,0.43,27.85,0.356,5.5,5.697,ativo,
29,Logística e Armazenamento,armazenamento,3,0x3809,local,25.0,0.43,27.99,0.357,6.0,5.055,ativo,
29,Extração de Recursos (ISRU),extração de recursos,2,0x290A,local,32.5,0.43,27.97,0.481,11.0,10.944,ativo,
29,Oficina e Manutenção,manutenção,3,0x3A0B,local,15.0,0.43,28.27,0.345,8.0,6.928,ativo,
29,Laboratório Científico,laboratório,3,0x3B0C,local,58.1,0.43,27.85,0.708,4.5,4.696,ativo,
29,Energia Eólica,energia,2,0x240D,local,11.3,0.43,27.83,0.473,12.0,11.019,ativo,
30,Centro de Controle,controle,1,0x1101,local,51.7,0.53,27.89,0.766,1.5,1.466,ativo,
30,Suporte de Vida,suporte de vida,1,0x1202,local,51.3,0.53,27.92,0.669,2.0,2.284,ativo,
30,Habitação,habitação,1,0x1303,local,42.3,0.53,28.04,0.503,2.5,2.424,ativo,
30,Energia Solar,energia,2,0x2404,local,23.4,0.53,28.07,0.452,9.0,9.416,ativo,
30,Energia Nuclear,energia,2,0x2405,local,31.2,0.53,28.17,0.417,7.0,6.755,ativo,
30,Comunicações,comunicação,2,0x2506,Terra,68.6,0.53,27.8,3.576,815229.61,815606.775,ativo,
30,Suporte Médico,suporte médico,1,0x1607,local,31.2,0.53,28.14,0.569,3.0,18.746,ativo,
30,Produção de Alimentos,agricultura,2,0x2708,local,22.5,0.53,27.86,0.318,5.5,4.905,ativo,
30,Logística e Armazenamento,armazenamento,3,0x3809,local,31.6,0.53,27.82,0.394,6.0,6.546,ativo,
30,Extração de Recursos (ISRU),extração de recursos,2,0x290A,local,23.6,0.53,27.75,0.509,11.0,9.76,ativo,
30,Oficina e Manutenção,manutenção,3,0x3A0B,local,26.4,0.53,28.04,0.363,8.0,8.657,ativo,
30,Laboratório Científico,laboratório,3,0x3B0C,local,53.6,0.53,28.06,0.73,4.5,4.91,ativo,
30,Energia Eólica,energia,2,0x240D,local,5.0,0.53,28.05,0.459,12.0,10.884,ativo,
